,,,,,,,,,,
N°,SERIE,SERIE-,N° DE REPORTE,N° DE REPORTE2,REPORTES,,,,,
1,PCT,24-21502-3-010,7,GIM-REP-PCT-007-2025,GIM-REP-PCT-007-2025,guillermo cano hernandez ,,GIM-REP-PCT-007-2025,,26/11/25
2,PCT,24-21502-3-007,8,GIM-REP-PCT-008-2025,GIM-REP-PCT-008-2025,,,GIM-REP-PCT-008-2025,,
3,PCT,24-21502-3-008,9,GIM-REP-PCT-009-2025,GIM-REP-PCT-009-2025,,,GIM-REP-PCT-009-2025,,gimpes inspeccion 
4,PCT,24-21502-3-009,10,GIM-REP-PCT-010-2025,GIM-REP-PCT-010-2025,,,GIM-REP-PCT-010-2025,,
5,PCT,24-21502-3-005,11,GIM-REP-PCT-011-2025,GIM-REP-PCT-011-2025,,,GIM-REP-PCT-011-2025,,
6,PCT,24-21502-3-002,12,GIM-REP-PCT-012-2025,GIM-REP-PCT-012-2025,,,GIM-REP-PCT-012-2025,,
7,PCT,24-21502-3-001,13,GIM-REP-PCT-013-2025,GIM-REP-PCT-013-2025,,,GIM-REP-PCT-013-2025,,
8,PCT,23-21502-3-005,14,GIM-REP-PCT-014,GIM-REP-PCT-014-2025,,,GIM-REP-PCT-014-2025,,
9,PCT,23-21502-3-009,15,GIM-REP-PCT-015,GIM-REP-PCT-015-2025,,,GIM-REP-PCT-015-2025,,
10,PCT,23-21502-3-001,16,GIM-REP-PCT-016,GIM-REP-PCT-016-2025,,,GIM-REP-PCT-016-2025,,
11,PCT,23-21502-3-002,17,GIM-REP-PCT-017,GIM-REP-PCT-017-2025,,,GIM-REP-PCT-017-2025,,
12,PCT,23-21502-3-008,18,GIM-REP-PCT-018,GIM-REP-PCT-018-2025,,,GIM-REP-PCT-018-2025,,
13,PCT,23-21502-3-003,19,GIM-REP-PCT-019,GIM-REP-PCT-019-2025,,,GIM-REP-PCT-019-2025,,
14,PCT,23-21502-5-005,20,GIM-REP-PCT-020,GIM-REP-PCT-020-2025,,,GIM-REP-PCT-020-2025,,
15,PCT,23-21502-5-010,21,GIM-REP-PCT-021,GIM-REP-PCT-021-2025,,,GIM-REP-PCT-021-2025,,
16,PCT,23-21502-5-006,22,GIM-REP-PCT-022,GIM-REP-PCT-022-2025,,,GIM-REP-PCT-022-2025,,
17,PCT,23-21502-5-003,23,GIM-REP-PCT-023,GIM-REP-PCT-023-2025,,,GIM-REP-PCT-023-2025,,
18,PCT,24-31502-10-009,24,GIM-REP-PCT-024,GIM-REP-PCT-024-2025,,,GIM-REP-PCT-024-2025,,
19,PCT,24-31502-10-008,25,GIM-REP-PCT-025,GIM-REP-PCT-025-2025,,,GIM-REP-PCT-025-2025,,
20,PCT,24-31502-10-003,26,GIM-REP-PCT-026,GIM-REP-PCT-026-2025,,,GIM-REP-PCT-026-2025,,
21,PCT,24-31502-10-001,27,GIM-REP-PCT-027,GIM-REP-PCT-027-2025,,,GIM-REP-PCT-027-2025,,
22,PCT,24-31502-10-007,28,GIM-REP-PCT-028,GIM-REP-PCT-028-2025,,,GIM-REP-PCT-028-2025,,
23,PCT,24-31502-10-005,29,GIM-REP-PCT-029,GIM-REP-PCT-029-2025,,,GIM-REP-PCT-029-2025,,
24,PCT,24-31502-10-002,30,GIM-REP-PCT-030,GIM-REP-PCT-030-2025,,,GIM-REP-PCT-030-2025,,
25,PCT,24-31502-10-010,31,GIM-REP-PCT-031,GIM-REP-PCT-031-2025,,,GIM-REP-PCT-031-2025,,
26,PCT,24-31502-10-006,32,GIM-REP-PCT-032,GIM-REP-PCT-032-2025,,,GIM-REP-PCT-032-2025,,
27,PCT,24-31502-10-004,33,GIM-REP-PCT-033,GIM-REP-PCT-033-2025,,,GIM-REP-PCT-033-2025,,
28,PCT,24-31502-5-001,34,GIM-REP-PCT-034,GIM-REP-PCT-034-2025,,,GIM-REP-PCT-034-2025,,
29,PCT,24-31502-5-004,35,GIM-REP-PCT-035,GIM-REP-PCT-035-2025,,,GIM-REP-PCT-035-2025,,
30,PCT,24-31502-5-008,36,GIM-REP-PCT-036,GIM-REP-PCT-036-2025,,,GIM-REP-PCT-036-2025,,
31,PCT,24-31502-5-007,37,GIM-REP-PCT-037,GIM-REP-PCT-037-2025,,,GIM-REP-PCT-037-2025,,
32,PCT,24-31502-5-002,38,GIM-REP-PCT-038,GIM-REP-PCT-038-2025,,,GIM-REP-PCT-038-2025,,
33,PCT,24-31502-5-009,39,GIM-REP-PCT-039,GIM-REP-PCT-039-2025,,,GIM-REP-PCT-039-2025,,
34,PCT,24-21502-2-009,40,GIM-REP-PCT-040,GIM-REP-PCT-040-2025,,,GIM-REP-PCT-040-2025,,
35,PCT,24-21502-2-007,41,GIM-REP-PCT-041,GIM-REP-PCT-041-2025,,,GIM-REP-PCT-041-2025,,
36,PCT,24-21502-2-008,42,GIM-REP-PCT-042,GIM-REP-PCT-042-2025,,,GIM-REP-PCT-042-2025,,
37,PCT,24-21502-2-002,43,GIM-REP-PCT-043,GIM-REP-PCT-043-2025,,,GIM-REP-PCT-043-2025,,
38,PCT,24-21502-2-001,44,GIM-REP-PCT-044,GIM-REP-PCT-044-2025,,,GIM-REP-PCT-044-2025,,
39,PCT,24-21502-2-010,45,GIM-REP-PCT-045,GIM-REP-PCT-045-2025,,,GIM-REP-PCT-045-2025,,
40,PCT,23-21502-2-001,46,GIM-REP-PCT-046,GIM-REP-PCT-046-2025,,,GIM-REP-PCT-046-2025,,
41,PCT,23-21502-2-006,47,GIM-REP-PCT-047,GIM-REP-PCT-047-2025,,,GIM-REP-PCT-047-2025,,
42,PCT,23-21502-2-010,48,GIM-REP-PCT-048,GIM-REP-PCT-048-2025,,,GIM-REP-PCT-048-2025,,
43,PCT,23-21502-2-003,49,GIM-REP-PCT-049,GIM-REP-PCT-049-2025,,,GIM-REP-PCT-049-2025,,
44,PCT,23-21502-2-005,50,GIM-REP-PCT-050,GIM-REP-PCT-050-2025,,,GIM-REP-PCT-050-2025,,
45,PCT,23-21502-2-007,51,GIM-REP-PCT-051,GIM-REP-PCT-051-2025,,,GIM-REP-PCT-051-2025,,
46,PCT,24-31502-3-002,52,GIM-REP-PCT-052,GIM-REP-PCT-052-2025,,,GIM-REP-PCT-052-2025,,
47,PCT,24-31502-3-009,53,GIM-REP-PCT-053,GIM-REP-PCT-053-2025,,,GIM-REP-PCT-053-2025,,
48,PCT,24-31502-3-001,54,GIM-REP-PCT-054,GIM-REP-PCT-054-2025,,,GIM-REP-PCT-054-2025,,
49,PCT,24-31502-3-006,55,GIM-REP-PCT-055,GIM-REP-PCT-055-2025,,,GIM-REP-PCT-055-2025,,
50,PCT,24-31502-3-007,56,GIM-REP-PCT-056,GIM-REP-PCT-056-2025,,,GIM-REP-PCT-056-2025,,
51,PCT,24-31502-3-008,57,GIM-REP-PCT-057,GIM-REP-PCT-057-2025,,,GIM-REP-PCT-057-2025,,
52,PCT,24-31502-3-005,58,GIM-REP-PCT-058,GIM-REP-PCT-058-2025,,,GIM-REP-PCT-058-2025,,
53,PCT,24-31502-3-004,59,GIM-REP-PCT-059,GIM-REP-PCT-059-2025,,,GIM-REP-PCT-059-2025,,
54,PCT,24-31502-3-010,60,GIM-REP-PCT-060,GIM-REP-PCT-060-2025,,,GIM-REP-PCT-060-2025,,
55,PCT,24-31502-3-003,61,GIM-REP-PCT-061,GIM-REP-PCT-061-2025,,,GIM-REP-PCT-061-2025,,
56,PCT,23-21502-5-009,62,GIM-REP-PCT-062,GIM-REP-PCT-062-2025,,,GIM-REP-PCT-062-2025,,
57,PCT,24-21502-5-004,63,GIM-REP-PCT-063,GIM-REP-PCT-063-2025,,,GIM-REP-PCT-063-2025,,
58,EBS,4-206DJ-SS-3-5,64,GIM-REP-PCT-064,GIM-REP-PCT-064-2025,,,GIM-REP-PCT-064-2025,,
59,EBS,4-206DJ-SS-3-8,65,GIM-REP-PCT-065,GIM-REP-PCT-065-2025,,,GIM-REP-PCT-065-2025,,
60,EBS,4-206DJ-SS-3-1,66,GIM-REP-PCT-066,GIM-REP-PCT-066-2025,,,GIM-REP-PCT-066-2025,,
61,EBS,4-206DJ-SS-3-2,67,GIM-REP-PCT-067,GIM-REP-PCT-067-2025,,,GIM-REP-PCT-067-2025,,
62,EBS,4-206DJ-SS-3-3,68,GIM-REP-PCT-068,GIM-REP-PCT-068-2025,,,GIM-REP-PCT-068-2025,,
63,EBS,4-206DJ-SS-3-6,69,GIM-REP-PCT-069,GIM-REP-PCT-069-2025,,,GIM-REP-PCT-069-2025,,
64,EBS,4-206DJ-SS-3-4,70,GIM-REP-PCT-070,GIM-REP-PCT-070-2025,,,GIM-REP-PCT-070-2025,,
65,PCT,23-21502-10-005,71,GIM-REP-PCT-071,GIM-REP-PCT-071-2025,,,GIM-REP-PCT-071-2025,,
66,PCT,24-21502-10-006,72,GIM-REP-PCT-072,GIM-REP-PCT-072-2025,,,GIM-REP-PCT-072-2025,,
67,PCT,23-21502-10-003,73,GIM-REP-PCT-073,GIM-REP-PCT-073-2025,,,GIM-REP-PCT-073-2025,,
68,PCT,23-21502-10-004,74,GIM-REP-PCT-074,GIM-REP-PCT-074-2025,,,GIM-REP-PCT-074-2025,,
69,PCT,24-21502-10-009,75,GIM-REP-PCT-075,GIM-REP-PCT-075-2025,,,GIM-REP-PCT-075-2025,,
70,PCT,24-21502-10-003,76,GIM-REP-PCT-076,GIM-REP-PCT-076-2025,,,GIM-REP-PCT-076-2025,,
71,PCT,23-21502-10-001,77,GIM-REP-PCT-077,GIM-REP-PCT-077-2025,,,GIM-REP-PCT-077-2025,,
72,EBS,2-1502DJ-SS-10-1,78,GIM-REP-PCT-078,GIM-REP-PCT-078-2025,,,GIM-REP-PCT-078-2025,,
73,EBS,2-1502DJ-SS-10-3,79,GIM-REP-PCT-079,GIM-REP-PCT-079-2025,,,GIM-REP-PCT-079-2025,,
74,PCT,24-21502-10-005,80,GIM-REP-PCT-080,GIM-REP-PCT-080-2025,,,GIM-REP-PCT-080-2025,,
75,PCT,23-21502-10-008,81,GIM-REP-PCT-081,GIM-REP-PCT-081-2025,,,GIM-REP-PCT-081-2025,,
76,PCT,23-21502-10-002,82,GIM-REP-PCT-082,GIM-REP-PCT-082-2025,,,GIM-REP-PCT-082-2025,,
77,PCT,23-4602-3-003,83,GIM-REP-PCT-083,GIM-REP-PCT-083-2025,,,GIM-REP-PCT-083-2025,,
78,PCT,23-4602-2-001,84,GIM-REP-PCT-084,GIM-REP-PCT-084-2025,,,GIM-REP-PCT-084-2025,,
79,PCT,23-4602-2-002,85,GIM-REP-PCT-085,GIM-REP-PCT-085-2025,,,GIM-REP-PCT-085-2025,,
80,PCT,23-4602-2-003,86,GIM-REP-PCT-086,GIM-REP-PCT-086-2025,,,GIM-REP-PCT-086-2025,,
81,PCT,23-4602-2-005,87,GIM-REP-PCT-087,GIM-REP-PCT-087-2025,,,GIM-REP-PCT-087-2025,,
82,PCT,23-4602-2-004,88,GIM-REP-PCT-088,GIM-REP-PCT-088-2025,,,GIM-REP-PCT-088-2025,,
83,PCT,23-4602-2-006,89,GIM-REP-PCT-089,GIM-REP-PCT-089-2025,,,GIM-REP-PCT-089-2025,,
84,PCT,23-4602-2-007,90,GIM-REP-PCT-090,GIM-REP-PCT-090-2025,,,GIM-REP-PCT-090-2025,,
85,PCT,23-4602-2-008,91,GIM-REP-PCT-091,GIM-REP-PCT-091-2025,,,GIM-REP-PCT-091-2025,,
86,PCT,23-4602-2-009,92,GIM-REP-PCT-092,GIM-REP-PCT-092-2025,,,GIM-REP-PCT-092-2025,,
87,PCT,23-4602-2-010,93,GIM-REP-PCT-093,GIM-REP-PCT-093-2025,,,GIM-REP-PCT-093-2025,,
88,PCT,24-21502-10-002,94,GIM-REP-PCT-094,GIM-REP-PCT-094-2025,,,GIM-REP-PCT-094-2025,,
89,PCT,23-21502-10-007,95,GIM-REP-PCT-095,GIM-REP-PCT-095-2025,,,GIM-REP-PCT-095-2025,,
90,PCT,23-21502-10-009,96,GIM-REP-PCT-096,GIM-REP-PCT-096-2025,,,GIM-REP-PCT-096-2025,,
91,PCT,24-21502-10-010,97,GIM-REP-PCT-097,GIM-REP-PCT-097-2025,,,GIM-REP-PCT-097-2025,,
92,PCT,24-21502-10-007,98,GIM-REP-PCT-098,GIM-REP-PCT-098-2025,,,GIM-REP-PCT-098-2025,,
93,EBS,2-1502DJ-SS-10-7,99,GIM-REP-PCT-099,GIM-REP-PCT-099-2025,,,GIM-REP-PCT-099-2025,,
94,PCT,24-21502-10-004,100,GIM-REP-PCT-100,GIM-REP-PCT-100-2025,,,GIM-REP-PCT-100-2025,,
95,EBS,2-1502DJ-SS-10-10,101,GIM-REP-PCT-101,GIM-REP-PCT-101-2025,,,GIM-REP-PCT-101-2025,,
96,PCT,24-21502-10-001,102,GIM-REP-PCT-102,GIM-REP-PCT-102-2025,,,GIM-REP-PCT-102-2025,,
97,PCT,24-21502-10-008,103,GIM-REP-PCT-103,GIM-REP-PCT-103-2025,,,GIM-REP-PCT-103-2025,,
98,PCT,24-21502-5-003,104,GIM-REP-PCT-104,GIM-REP-PCT-104-2025,,,GIM-REP-PCT-104-2025,,
99,PCT,24-21502-5-007,105,GIM-REP-PCT-105,GIM-REP-PCT-105-2025,,,GIM-REP-PCT-105-2025,,
100,PCT,24-21502-5-001,106,GIM-REP-PCT-106,GIM-REP-PCT-106-2025,,,GIM-REP-PCT-106-2025,,
101,PCT,24-21502-5-005,107,GIM-REP-PCT-107,GIM-REP-PCT-107-2025,,,GIM-REP-PCT-107-2025,,
102,PCT,24-21502-5-006,108,GIM-REP-PCT-108,GIM-REP-PCT-108-2025,,,GIM-REP-PCT-108-2025,,
103,PCT,24-21502-5-008,109,GIM-REP-PCT-109,GIM-REP-PCT-109-2025,,,GIM-REP-PCT-109-2025,,
104,PCT,24-21502-5-010,110,GIM-REP-PCT-110,GIM-REP-PCT-110-2025,,,GIM-REP-PCT-110-2025,,
105,PCT,23-21502-5-004,111,GIM-REP-PCT-111,GIM-REP-PCT-111-2025,,,GIM-REP-PCT-111-2025,,
106,PCT,23-21502-5-008,112,GIM-REP-PCT-112,GIM-REP-PCT-112-2025,,,GIM-REP-PCT-112-2025,,
107,PCT,23-21502-5-007,113,GIM-REP-PCT-113,GIM-REP-PCT-113-2025,,,GIM-REP-PCT-113-2025,,
108,PCT,23-21502-5-002,114,GIM-REP-PCT-114,GIM-REP-PCT-114-2025,,,GIM-REP-PCT-114-2025,,
109,PCT,23-6206-5-001,115,GIM-REP-PCT-115,GIM-REP-PCT-115-2025,,,GIM-REP-PCT-115-2025,,
110,PCT,23-6206-5-005,116,GIM-REP-PCT-116,GIM-REP-PCT-116-2025,,,GIM-REP-PCT-116-2025,,
111,PCT,23-6206-5-009,117,GIM-REP-PCT-117,GIM-REP-PCT-117-2025,,,GIM-REP-PCT-117-2025,,
112,PCT,23-6206-5-010,118,GIM-REP-PCT-118,GIM-REP-PCT-118-2025,,,GIM-REP-PCT-118-2025,,
113,PCT,23-6206-5-004,119,GIM-REP-PCT-119,GIM-REP-PCT-119-2025,,,GIM-REP-PCT-119-2025,,
114,PCT,23-6206-5-007,120,GIM-REP-PCT-120,GIM-REP-PCT-120-2025,,,GIM-REP-PCT-120-2025,,
115,PCT,23-6206-5-008,121,GIM-REP-PCT-121,GIM-REP-PCT-121-2025,,,GIM-REP-PCT-121-2025,,
116,PCT,23-6206-5-006,122,GIM-REP-PCT-122,GIM-REP-PCT-122-2025,,,GIM-REP-PCT-122-2025,,
117,PCT,23-6206-5-002,123,GIM-REP-PCT-123,GIM-REP-PCT-123-2025,,,GIM-REP-PCT-123-2025,,
118,PCT,23-6206-3-008,124,GIM-REP-PCT-124,GIM-REP-PCT-124-2025,,,GIM-REP-PCT-124-2025,,
119,PCT,23-6206-3-007,125,GIM-REP-PCT-125,GIM-REP-PCT-125-2025,,,GIM-REP-PCT-125-2025,,
120,PCT,23-6206-3-004,126,GIM-REP-PCT-126,GIM-REP-PCT-126-2025,,,GIM-REP-PCT-126-2025,,
121,PCT,23-6206-2-009,127,GIM-REP-PCT-127,GIM-REP-PCT-127-2025,,,GIM-REP-PCT-127-2025,,
122,PCT,23-6206-2-008,128,GIM-REP-PCT-128,GIM-REP-PCT-128-2025,,,GIM-REP-PCT-128-2025,,
123,PCT,23-6206-2-007,129,GIM-REP-PCT-129,GIM-REP-PCT-129-2025,,,GIM-REP-PCT-129-2025,,
124,PCT,23-6206-2-003,130,GIM-REP-PCT-130,GIM-REP-PCT-130-2025,,,GIM-REP-PCT-130-2025,,
125,PCT,23-6206-2-010,131,GIM-REP-PCT-131,GIM-REP-PCT-131-2025,,,GIM-REP-PCT-131-2025,,
126,PCT,23-6206-2-005,132,GIM-REP-PCT-132,GIM-REP-PCT-132-2025,,,GIM-REP-PCT-132-2025,,
127,PCT,23-6206-2-004,133,GIM-REP-PCT-133,GIM-REP-PCT-133-2025,,,GIM-REP-PCT-133-2025,,
128,PCT,23-4602-10-004,134,GIM-REP-PCT-134,GIM-REP-PCT-134-2025,,,GIM-REP-PCT-134-2025,,
129,PCT,23-4602-10-001,135,GIM-REP-PCT-135,GIM-REP-PCT-135-2025,,,GIM-REP-PCT-135-2025,,
130,PCT,23-4602-10-007,136,GIM-REP-PCT-136,GIM-REP-PCT-136-2025,,,GIM-REP-PCT-136-2025,,
131,PCT,23-4602-10-010,137,GIM-REP-PCT-137,GIM-REP-PCT-137-2025,,,GIM-REP-PCT-137-2025,,
132,PCT,23-4602-10-003,138,GIM-REP-PCT-138,GIM-REP-PCT-138-2025,,,GIM-REP-PCT-138-2025,,
133,PCT,23-4602-10-009,139,GIM-REP-PCT-139,GIM-REP-PCT-139-2025,,,GIM-REP-PCT-139-2025,,
134,PCT,23-4602-10-002,140,GIM-REP-PCT-140,GIM-REP-PCT-140-2025,,,GIM-REP-PCT-140-2025,,
135,PCT,23-4602-10-008,141,GIM-REP-PCT-141,GIM-REP-PCT-141-2025,,,GIM-REP-PCT-141-2025,,
136,PCT,23-4602-10-005,142,GIM-REP-PCT-142,GIM-REP-PCT-142-2025,,,GIM-REP-PCT-142-2025,,
137,PCT,23-4602-10-006,143,GIM-REP-PCT-143,GIM-REP-PCT-143-2025,,,GIM-REP-PCT-143-2025,,
138,PCT,24-6206-90-006,144,GIM-REP-PCT-144,GIM-REP-PCT-144-2025,,,GIM-REP-PCT-144-2025,,
139,PCT,24-6206-90-004,145,GIM-REP-PCT-145,GIM-REP-PCT-145-2025,,,GIM-REP-PCT-145-2025,,
140,PCT,23-6206-90-007,146,GIM-REP-PCT-146,GIM-REP-PCT-146-2025,,,GIM-REP-PCT-146-2025,,
141,PCT,24-6206-90-010,147,GIM-REP-PCT-147,GIM-REP-PCT-147-2025,,,GIM-REP-PCT-147-2025,,
142,PCT,24-6206-90-011,148,GIM-REP-PCT-148,GIM-REP-PCT-148-2025,,,GIM-REP-PCT-148-2025,,
143,PCT,24-6206-90-003,149,GIM-REP-PCT-149,GIM-REP-PCT-149-2025,,,GIM-REP-PCT-149-2025,,
144,PCT,24-6206-90-005,150,GIM-REP-PCT-150,GIM-REP-PCT-150-2025,,,GIM-REP-PCT-150-2025,,
145,PCT,23-6206-90-012,151,GIM-REP-PCT-151,GIM-REP-PCT-151-2025,,,GIM-REP-PCT-151-2025,,
146,PCT,23-6206-90-004,152,GIM-REP-PCT-152,GIM-REP-PCT-152-2025,,,GIM-REP-PCT-152-2025,,
147,PCT,23-6206-45-009,153,GIM-REP-PCT-153,GIM-REP-PCT-153-2025,,,GIM-REP-PCT-153-2025,,
148,PCT,23-6206-45-001,154,GIM-REP-PCT-154,GIM-REP-PCT-154-2025,,,GIM-REP-PCT-154-2025,,
149,PCT,23-6206-45-005,155,GIM-REP-PCT-155,GIM-REP-PCT-155-2025,,,GIM-REP-PCT-155-2025,,
150,PCT,23-6206-45-006,156,GIM-REP-PCT-156,GIM-REP-PCT-156-2025,,,GIM-REP-PCT-156-2025,,
151,EBS,4-206DJ-SS-10-4,157,GIM-REP-PCT-157,GIM-REP-PCT-157-2025,,,GIM-REP-PCT-157-2025,,
152,PCT,23-4206-10-018,158,GIM-REP-PCT-158,GIM-REP-PCT-158-2025,,,GIM-REP-PCT-158-2025,,
153,EBS,4-206DJ-SS-10-10,159,GIM-REP-PCT-159,GIM-REP-PCT-159-2025,,,GIM-REP-PCT-159-2025,,
154,PCT,23-4206-10-029,160,GIM-REP-PCT-160,GIM-REP-PCT-160-2025,,,GIM-REP-PCT-160-2025,,
155,PCT,24-4206-10-010,161,GIM-REP-PCT-161,GIM-REP-PCT-161-2025,,,GIM-REP-PCT-161-2025,,
156,PCT,23-4206-10-015,162,GIM-REP-PCT-162,GIM-REP-PCT-162-2025,,,GIM-REP-PCT-162-2025,,
157,PCT,23-4206-10-005,163,GIM-REP-PCT-163,GIM-REP-PCT-163-2025,,,GIM-REP-PCT-163-2025,,
158,PCT,23-4206-10-030,164,GIM-REP-PCT-164,GIM-REP-PCT-164-2025,,,GIM-REP-PCT-164-2025,,
159,PCT,23-4206-10-027,165,GIM-REP-PCT-165,GIM-REP-PCT-165-2025,,,GIM-REP-PCT-165-2025,,
160,PCT,23-4206-10-023,166,GIM-REP-PCT-166,GIM-REP-PCT-166-2025,,,GIM-REP-PCT-166-2025,,
161,PCT,23-4206-10-028,167,GIM-REP-PCT-167,GIM-REP-PCT-167-2025,,,GIM-REP-PCT-167-2025,,
162,EBS,4-206DJ-SS-10-2,168,GIM-REP-PCT-168,GIM-REP-PCT-168-2025,,,GIM-REP-PCT-168-2025,,
163,PCT,23-6206-2-006,169,GIM-REP-PCT-169,GIM-REP-PCT-169-2025,,,GIM-REP-PCT-169-2025,,
164,PCT,23-6206-1-005,170,GIM-REP-PCT-170,GIM-REP-PCT-170-2025,,,GIM-REP-PCT-170-2025,,
165,PCT,23-6206-3-001,171,GIM-REP-PCT-171,GIM-REP-PCT-171-2025,,,GIM-REP-PCT-171-2025,,
166,PCT,23-6206-2-001,172,GIM-REP-PCT-172,GIM-REP-PCT-172-2025,,,GIM-REP-PCT-172-2025,,
167,PCT,24-6206-90-008,173,GIM-REP-PCT-173,GIM-REP-PCT-173-2025,,,GIM-REP-PCT-173-2025,,
168,PCT,24-6206-90-009,174,GIM-REP-PCT-174,GIM-REP-PCT-174-2025,,,GIM-REP-PCT-174-2025,,
169,PCT,23-6206-2-002,175,GIM-REP-PCT-175,GIM-REP-PCT-175-2025,,,GIM-REP-PCT-175-2025,,
170,PCT,23-6206-90-008,176,GIM-REP-PCT-176,GIM-REP-PCT-176-2025,,,GIM-REP-PCT-176-2025,,
171,PCT,24-6206-90-002,177,GIM-REP-PCT-177,GIM-REP-PCT-177-2025,,,GIM-REP-PCT-177-2025,,
172,PCT,23-6206-90-005,178,GIM-REP-PCT-178,GIM-REP-PCT-178-2025,,,GIM-REP-PCT-178-2025,,
173,PCT,23-6206-3-003,179,GIM-REP-PCT-179,GIM-REP-PCT-179-2025,,,GIM-REP-PCT-179-2025,,
174,PCT,23-6206-3-009,180,GIM-REP-PCT-180,GIM-REP-PCT-180-2025,,,GIM-REP-PCT-180-2025,,
175,PCT,23-6206-3-005,181,GIM-REP-PCT-181,GIM-REP-PCT-181-2025,,,GIM-REP-PCT-181-2025,,
176,PCT,23-6206-3-002,182,GIM-REP-PCT-182,GIM-REP-PCT-182-2025,,,GIM-REP-PCT-182-2025,,
177,PCT,23-6206-3-006,183,GIM-REP-PCT-183,GIM-REP-PCT-183-2025,,,GIM-REP-PCT-183-2025,,
178,PCT,23-6206-3-010,184,GIM-REP-PCT-184,GIM-REP-PCT-184-2025,,,GIM-REP-PCT-184-2025,,
179,PCT,23-4602-5-003,185,GIM-REP-PCT-185,GIM-REP-PCT-185-2025,,,GIM-REP-PCT-185-2025,,
180,PCT,23-4602-5-006,186,GIM-REP-PCT-186,GIM-REP-PCT-186-2025,,,GIM-REP-PCT-186-2025,,
181,PCT,23-4602-3-002,187,GIM-REP-PCT-187,GIM-REP-PCT-187-2025,,,GIM-REP-PCT-187-2025,,
182,PCT,23-4602-3-008,188,GIM-REP-PCT-188,GIM-REP-PCT-188-2025,,,GIM-REP-PCT-188-2025,,
183,PCT,23-4602-3-009,189,GIM-REP-PCT-189,GIM-REP-PCT-189-2025,,,GIM-REP-PCT-189-2025,,
184,PCT,23-4602-3-010,190,GIM-REP-PCT-190,GIM-REP-PCT-190-2025,,,GIM-REP-PCT-190-2025,,
185,PCT,23-4602-3-001,191,GIM-REP-PCT-191,GIM-REP-PCT-191-2025,,,GIM-REP-PCT-191-2025,,
186,PCT,23-4602-3-007,192,GIM-REP-PCT-192,GIM-REP-PCT-192-2025,,,GIM-REP-PCT-192-2025,,
187,PCT,23-4602-3-004,193,GIM-REP-PCT-193,GIM-REP-PCT-193-2025,,,GIM-REP-PCT-193-2025,,
188,PCT,23-4602-3-006,194,GIM-REP-PCT-194,GIM-REP-PCT-194-2025,,,GIM-REP-PCT-194-2025,,
189,PCT,23-4602-3-005,195,GIM-REP-PCT-195,GIM-REP-PCT-195-2025,,,GIM-REP-PCT-195-2025,,
190,PCT,23-4602-1-006,196,GIM-REP-PCT-196,GIM-REP-PCT-196-2025,,,GIM-REP-PCT-196-2025,,
191,PCT,23-4602-1-008,197,GIM-REP-PCT-197,GIM-REP-PCT-197-2025,,,GIM-REP-PCT-197-2025,,
192,PCT,23-4602-1-002,198,GIM-REP-PCT-198,GIM-REP-PCT-198-2025,,,GIM-REP-PCT-198-2025,,
193,PCT,23-4602-1-010,199,GIM-REP-PCT-199,GIM-REP-PCT-199-2025,,,GIM-REP-PCT-199-2025,,
194,PCT,23-4602-1-003,200,GIM-REP-PCT-200,GIM-REP-PCT-200-2025,,,GIM-REP-PCT-200-2025,,
195,PCT,23-4602-1-001,201,GIM-REP-PCT-201,GIM-REP-PCT-201-2025,,,GIM-REP-PCT-201-2025,,
196,PCT,23-4602-1-007,202,GIM-REP-PCT-202,GIM-REP-PCT-202-2025,,,GIM-REP-PCT-202-2025,,
197,PCT,23-4602-1-004,203,GIM-REP-PCT-203,GIM-REP-PCT-203-2025,,,GIM-REP-PCT-203-2025,,
198,PCT,23-4602-1-009,204,GIM-REP-PCT-204,GIM-REP-PCT-204-2025,,,GIM-REP-PCT-204-2025,,
199,PCT,23-4602-1-005,205,GIM-REP-PCT-205,GIM-REP-PCT-205-2025,,,GIM-REP-PCT-205-2025,,
200,PCT,23-4602-90-013,206,GIM-REP-PCT-206,GIM-REP-PCT-206-2025,,,GIM-REP-PCT-206-2025,,
201,PCT,23-4602-45-015,207,GIM-REP-PCT-207,GIM-REP-PCT-207-2025,,,GIM-REP-PCT-207-2025,,
202,PCT,23-4602-90-010,208,GIM-REP-PCT-208,GIM-REP-PCT-208-2025,,,GIM-REP-PCT-208-2025,,
203,PCT,23-4602-45-020,209,GIM-REP-PCT-209,GIM-REP-PCT-209-2025,,,GIM-REP-PCT-209-2025,,
204,PCT,23-4602-5-008,210,GIM-REP-PCT-210,GIM-REP-PCT-210-2025,,,GIM-REP-PCT-210-2025,,
205,PCT,23-4602-5-002,211,GIM-REP-PCT-211,GIM-REP-PCT-211-2025,,,GIM-REP-PCT-211-2025,,
206,PCT,23-4602-5-004,212,GIM-REP-PCT-212,GIM-REP-PCT-212-2025,,,GIM-REP-PCT-212-2025,,
207,PCT,23-4602-5-007,213,GIM-REP-PCT-213,GIM-REP-PCT-213-2025,,,GIM-REP-PCT-213-2025,,
208,PCT,23-4602-5-005,214,GIM-REP-PCT-214,GIM-REP-PCT-214-2025,,,GIM-REP-PCT-214-2025,,
209,PCT,23-4602-5-010,215,GIM-REP-PCT-215,GIM-REP-PCT-215-2025,,,GIM-REP-PCT-215-2025,,
210,PCT,23-4602-5-009,216,GIM-REP-PCT-216,GIM-REP-PCT-216-2025,,,GIM-REP-PCT-216-2025,,
211,PCT,23-4602-5-001,217,GIM-REP-PCT-217,GIM-REP-PCT-217-2025,,,GIM-REP-PCT-217-2025,,
212,PCT,CE-10,218,GIM-REP-PCT-218,GIM-REP-PCT-218-2025,,,GIM-REP-PCT-218-2025,,
213,PCT,CE-05,219,GIM-REP-PCT-219,GIM-REP-PCT-219-2025,,,GIM-REP-PCT-219-2025,,
214,PCT,CE-03,220,GIM-REP-PCT-220,GIM-REP-PCT-220-2025,,,GIM-REP-PCT-220-2025,,
215,PCT,CE-02,221,GIM-REP-PCT-221,GIM-REP-PCT-221-2025,,,GIM-REP-PCT-221-2025,,
216,PCT,24-21502-90-008,222,GIM-REP-PCT-222,GIM-REP-PCT-222-2025,,,GIM-REP-PCT-222-2025,,
217,PCT,23-21502-90-001,223,GIM-REP-PCT-223,GIM-REP-PCT-223-2025,,,GIM-REP-PCT-223-2025,,
218,PCT,24-21502-90-006,224,GIM-REP-PCT-224,GIM-REP-PCT-224-2025,,,GIM-REP-PCT-224-2025,,
219,PCT,24-21502-90-003,225,GIM-REP-PCT-225,GIM-REP-PCT-225-2025,,,GIM-REP-PCT-225-2025,,
220,PCT,24-21502-90-007,226,GIM-REP-PCT-226,GIM-REP-PCT-226-2025,,,GIM-REP-PCT-226-2025,,
221,PCT,XO-002,227,GIM-REP-PCT-227,GIM-REP-PCT-227-2025,,,GIM-REP-PCT-227-2025,,
222,PCT,24-21502-90-010,228,GIM-REP-PCT-228,GIM-REP-PCT-228-2025,,,GIM-REP-PCT-228-2025,,
223,PCT,24-21502-90-001,229,GIM-REP-PCT-229,GIM-REP-PCT-229-2025,,,GIM-REP-PCT-229-2025,,
224,PCT,24-XO-014,230,GIM-REP-PCT-230,GIM-REP-PCT-230-2025,,,GIM-REP-PCT-230-2025,,
225,PCT,24-21502-T1-002,231,GIM-REP-PCT-231,GIM-REP-PCT-231-2025,,,GIM-REP-PCT-231-2025,,
226,EBS,4-206DJ-SS-5-6,232,GIM-REP-PCT-232,GIM-REP-PCT-232-2025,,,GIM-REP-PCT-232-2025,,
227,EBS,4-206DJ-SS-5-1,233,GIM-REP-PCT-233,GIM-REP-PCT-233-2025,,,GIM-REP-PCT-233-2025,,
228,EBS,4-206DJ-SS-4-4,234,GIM-REP-PCT-234,GIM-REP-PCT-234-2025,,,GIM-REP-PCT-234-2025,,
229,EBS,4-206DJ-SS-4-5,235,GIM-REP-PCT-235,GIM-REP-PCT-235-2025,,,GIM-REP-PCT-235-2025,,
230,EBS,4-206DJ-SS-4-6,236,GIM-REP-PCT-236,GIM-REP-PCT-236-2025,,,GIM-REP-PCT-236-2025,,
231,EBS,4-206DJ-SS-4-8,237,GIM-REP-PCT-237,GIM-REP-PCT-237-2025,,,GIM-REP-PCT-237-2025,,
232,EBS,4-206DJ-SS-4-3,238,GIM-REP-PCT-238,GIM-REP-PCT-238-2025,,,GIM-REP-PCT-238-2025,,
233,PCT,24-21502-90-009,239,GIM-REP-PCT-239,GIM-REP-PCT-239-2025,,,GIM-REP-PCT-239-2025,,
234,PCT,23-6206-1-007,240,GIM-REP-PCT-240,GIM-REP-PCT-240-2025,,,GIM-REP-PCT-240-2025,,
235,PCT,23-6206-1-006,241,GIM-REP-PCT-241,GIM-REP-PCT-241-2025,,,GIM-REP-PCT-241-2025,,
236,PCT,23-6206-1-008,242,GIM-REP-PCT-242,GIM-REP-PCT-242-2025,,,GIM-REP-PCT-242-2025,,
237,PCT,24-31502-P-002,243,GIM-REP-PCT-243,GIM-REP-PCT-243-2025,,,GIM-REP-PCT-243-2025,,
238,PCT,24-31502-P-001,244,GIM-REP-PCT-244,GIM-REP-PCT-244-2025,,,GIM-REP-PCT-244-2025,,
239,PCT,23-4602-P-002,245,GIM-REP-PCT-245,GIM-REP-PCT-245-2025,,,GIM-REP-PCT-245-2025,,
240,PCT,23-4602-P-001,246,GIM-REP-PCT-246,GIM-REP-PCT-246-2025,,,GIM-REP-PCT-246-2025,,
241,PCT,24-4602-P-003,247,GIM-REP-PCT-247,GIM-REP-PCT-247-2025,,,GIM-REP-PCT-247-2025,,
242,PCT,24-31502-1-004,248,GIM-REP-PCT-248,GIM-REP-PCT-248-2025,,,GIM-REP-PCT-248-2025,,
243,PCT,24-31502-1-001,249,GIM-REP-PCT-249,GIM-REP-PCT-249-2025,,,GIM-REP-PCT-249-2025,,
244,PCT,24-31502-1-006,250,GIM-REP-PCT-250,GIM-REP-PCT-250-2025,,,GIM-REP-PCT-250-2025,,
245,PCT,24-31502-1-009,251,GIM-REP-PCT-251,GIM-REP-PCT-251-2025,,,GIM-REP-PCT-251-2025,,
246,PCT,24-31502-1-002,252,GIM-REP-PCT-252,GIM-REP-PCT-252-2025,,,GIM-REP-PCT-252-2025,,
247,PCT,24-31502-1-003,253,GIM-REP-PCT-253,GIM-REP-PCT-253-2025,,,GIM-REP-PCT-253-2025,,
248,PCT,24-31502-1-007,254,GIM-REP-PCT-254,GIM-REP-PCT-254-2025,,,GIM-REP-PCT-254-2025,,
249,PCT,24-31502-1-010,255,GIM-REP-PCT-255,GIM-REP-PCT-255-2025,,,GIM-REP-PCT-255-2025,,
250,PCT,24-31502-1-005,256,GIM-REP-PCT-256,GIM-REP-PCT-256-2025,,,GIM-REP-PCT-256-2025,,
251,PCT,24-31502-1-008,257,GIM-REP-PCT-257,GIM-REP-PCT-257-2025,,,GIM-REP-PCT-257-2025,,
252,PCT,CA-08,258,GIM-REP-PCT-258,GIM-REP-PCT-258-2025,,,GIM-REP-PCT-258-2025,,
253,PCT,CE-12,259,GIM-REP-PCT-259,GIM-REP-PCT-259-2025,,,GIM-REP-PCT-259-2025,,
254,PCT,XO-020,260,GIM-REP-PCT-260,GIM-REP-PCT-260-2025,,,GIM-REP-PCT-260-2025,,
255,PCT,23-6206-C-001,261,GIM-REP-PCT-261,GIM-REP-PCT-261-2025,,,GIM-REP-PCT-261-2025,,
256,PCT,23-4602-90-012,262,GIM-REP-PCT-262,GIM-REP-PCT-262-2025,,,GIM-REP-PCT-262-2025,,
257,PCT,23-4602-90-007,263,GIM-REP-PCT-263,GIM-REP-PCT-263-2025,,,GIM-REP-PCT-263-2025,,
258,PCT,23-4602-90-017,264,GIM-REP-PCT-264,GIM-REP-PCT-264-2025,,,GIM-REP-PCT-264-2025,,
259,PCT,23-4602-90-005,265,GIM-REP-PCT-265,GIM-REP-PCT-265-2025,,,GIM-REP-PCT-265-2025,,
260,PCT,23-4602-90-009,266,GIM-REP-PCT-266,GIM-REP-PCT-266-2025,,,GIM-REP-PCT-266-2025,,
261,PCT,23-4602-90-018,267,GIM-REP-PCT-267,GIM-REP-PCT-267-2025,,,GIM-REP-PCT-267-2025,,
262,PCT,23-4602-90-002,268,GIM-REP-PCT-268,GIM-REP-PCT-268-2025,,,GIM-REP-PCT-268-2025,,
263,PCT,23-4602-45-004,269,GIM-REP-PCT-269,GIM-REP-PCT-269-2025,,,GIM-REP-PCT-269-2025,,
264,EBS,4-206DJ-SS-10-3,270,GIM-REP-PCT-270,GIM-REP-PCT-270-2025,,,GIM-REP-PCT-270-2025,,
265,PCT,24-4602-10-004,271,GIM-REP-PCT-271,GIM-REP-PCT-271-2025,,,GIM-REP-PCT-271-2025,,
266,PCT,23-4206-10-007,272,GIM-REP-PCT-272,GIM-REP-PCT-272-2025,,,GIM-REP-PCT-272-2025,,
267,EBS,4-206DJ-SS-10-1,273,GIM-REP-PCT-273,GIM-REP-PCT-273-2025,,,GIM-REP-PCT-273-2025,,
268,PCT,23-4206-10-006,274,GIM-REP-PCT-274,GIM-REP-PCT-274-2025,,,GIM-REP-PCT-274-2025,,
269,PCT,23-4206-18-007,275,GIM-REP-PCT-275,GIM-REP-PCT-275-2025,,,GIM-REP-PCT-275-2025,,
270,PCT,23-4206-18-005,276,GIM-REP-PCT-276,GIM-REP-PCT-276-2025,,,GIM-REP-PCT-276-2025,,
271,PCT,23-4206-18-004,277,GIM-REP-PCT-277,GIM-REP-PCT-277-2025,,,GIM-REP-PCT-277-2025,,
272,PCT,24-4206-18-003,278,GIM-REP-PCT-278,GIM-REP-PCT-278-2025,,,GIM-REP-PCT-278-2025,,
273,PCT,24-4206-18-006,279,GIM-REP-PCT-279,GIM-REP-PCT-279-2025,,,GIM-REP-PCT-279-2025,,
274,EBS,4-206DJ-SS-10-6,280,GIM-REP-PCT-280,GIM-REP-PCT-280-2025,,,GIM-REP-PCT-280-2025,,
275,PCT,23-4206-10-008,281,GIM-REP-PCT-281,GIM-REP-PCT-281-2025,,,GIM-REP-PCT-281-2025,,
276,PCT,23-4602-45-014,282,GIM-REP-PCT-282,GIM-REP-PCT-282-2025,,,GIM-REP-PCT-282-2025,,
277,PCT,23-4602-45-008,283,GIM-REP-PCT-283,GIM-REP-PCT-283-2025,,,GIM-REP-PCT-283-2025,,
278,PCT,23-4602-90-015,284,GIM-REP-PCT-284,GIM-REP-PCT-284-2025,,,GIM-REP-PCT-284-2025,,
279,PCT,23-4602-90-006,285,GIM-REP-PCT-285,GIM-REP-PCT-285-2025,,,GIM-REP-PCT-285-2025,,
280,PCT,XO-052,286,GIM-REP-PCT-286,GIM-REP-PCT-286-2025,,,GIM-REP-PCT-286-2025,,
281,PCT,23-6206-P-002,287,GIM-REP-PCT-287,GIM-REP-PCT-287-2025,,,GIM-REP-PCT-287-2025,,
282,PCT,XO-023,288,GIM-REP-PCT-288,GIM-REP-PCT-288-2025,,,GIM-REP-PCT-288-2025,,
283,PCT,XO-022,289,GIM-REP-PCT-289,GIM-REP-PCT-289-2025,,,GIM-REP-PCT-289-2025,,
284,PCT,23-6206-P-001,290,GIM-REP-PCT-290,GIM-REP-PCT-290-2025,,,GIM-REP-PCT-290-2025,,
285,PCT,23-4602-90-019,291,GIM-REP-PCT-291,GIM-REP-PCT-291-2025,,,GIM-REP-PCT-291-2025,,
286,PCT,23-4602-45-006,292,GIM-REP-PCT-292,GIM-REP-PCT-292-2025,,,GIM-REP-PCT-292-2025,,
287,PCT,23-4602-90-008,293,GIM-REP-PCT-293,GIM-REP-PCT-293-2025,,,GIM-REP-PCT-293-2025,,
288,PCT,23-4602-45-001,294,GIM-REP-PCT-294,GIM-REP-PCT-294-2025,,,GIM-REP-PCT-294-2025,,
289,PCT,23-4602-90-001,295,GIM-REP-PCT-295,GIM-REP-PCT-295-2025,,,GIM-REP-PCT-295-2025,,
290,PCT,23-4602-90-004,296,GIM-REP-PCT-296,GIM-REP-PCT-296-2025,,,GIM-REP-PCT-296-2025,,
291,PCT,23-4602-45-005,297,GIM-REP-PCT-297,GIM-REP-PCT-297-2025,,,GIM-REP-PCT-297-2025,,
292,PCT,23-4602-90-016,298,GIM-REP-PCT-298,GIM-REP-PCT-298-2025,,,GIM-REP-PCT-298-2025,,
293,PCT,23-4602-45-007,299,GIM-REP-PCT-299,GIM-REP-PCT-299-2025,,,GIM-REP-PCT-299-2025,,
294,PCT,23-4602-45-003,300,GIM-REP-PCT-300,GIM-REP-PCT-300-2025,,,GIM-REP-PCT-300-2025,,
295,EBS,4-206DJ-SS-1-3,301,GIM-REP-PCT-301,GIM-REP-PCT-301-2025,,,GIM-REP-PCT-301-2025,,
296,PCT,23-6206-1-010,302,GIM-REP-PCT-302,GIM-REP-PCT-302-2025,,,GIM-REP-PCT-302-2025,,
297,PCT,23-6206-1-001,303,GIM-REP-PCT-303,GIM-REP-PCT-303-2025,,,GIM-REP-PCT-303-2025,,
298,PCT,23-6206-1-004,304,GIM-REP-PCT-304,GIM-REP-PCT-304-2025,,,GIM-REP-PCT-304-2025,,
299,PCT,23-6206-1-002,305,GIM-REP-PCT-305,GIM-REP-PCT-305-2025,,,GIM-REP-PCT-305-2025,,
300,PCT,23-6206-1-003,306,GIM-REP-PCT-306,GIM-REP-PCT-306-2025,,,GIM-REP-PCT-306-2025,,
301,PCT,23-6206-1-009,307,GIM-REP-PCT-307,GIM-REP-PCT-307-2025,,,GIM-REP-PCT-307-2025,,
302,PCT,24-31502-90-016,308,GIM-REP-PCT-308,GIM-REP-PCT-308-2025,,,GIM-REP-PCT-308-2025,,
303,PCT,24-31502-90-018,309,GIM-REP-PCT-309,GIM-REP-PCT-309-2025,,,GIM-REP-PCT-309-2025,,
304,PCT,24-31502-90-001,310,GIM-REP-PCT-310,GIM-REP-PCT-310-2025,,,GIM-REP-PCT-310-2025,,
305,PCT,24-31502-90-014,311,GIM-REP-PCT-311,GIM-REP-PCT-311-2025,,,GIM-REP-PCT-311-2025,,
306,PCT,24-31502-90-015,312,GIM-REP-PCT-312,GIM-REP-PCT-312-2025,,,GIM-REP-PCT-312-2025,,
307,EBS,4-206DJ-SS-3-7,313,GIM-REP-PCT-313,GIM-REP-PCT-313-2025,,,GIM-REP-PCT-313-2025,,
308,EBS,4-206DJ-SS-5-4,314,GIM-REP-PCT-314,GIM-REP-PCT-314-2025,,,GIM-REP-PCT-314-2025,,
309,EBS,4-206DJ-SS-4-1,315,GIM-REP-PCT-315,GIM-REP-PCT-315-2025,,,GIM-REP-PCT-315-2025,,
310,EBS,4-206DJ-SS-4-2,316,GIM-REP-PCT-316,GIM-REP-PCT-316-2025,,,GIM-REP-PCT-316-2025,,
311,EBS,4-206DJ-SS-4-7,317,GIM-REP-PCT-317,GIM-REP-PCT-317-2025,,,GIM-REP-PCT-317-2025,,
312,PCT,23-6206-5-003,318,GIM-REP-PCT-318,GIM-REP-PCT-318-2025,,,GIM-REP-PCT-318-2025,,
313,PCT,24-31502-2-008,319,GIM-REP-PCT-319,GIM-REP-PCT-319-2025,,,GIM-REP-PCT-319-2025,,
314,PCT,24-31502-2-006,320,GIM-REP-PCT-320,GIM-REP-PCT-320-2025,,,GIM-REP-PCT-320-2025,,
315,PCT,24-31502-2-001,321,GIM-REP-PCT-321,GIM-REP-PCT-321-2025,,,GIM-REP-PCT-321-2025,,
316,PCT,24-31502-2-002,322,GIM-REP-PCT-322,GIM-REP-PCT-322-2025,,,GIM-REP-PCT-322-2025,,
317,PCT,24-31502-2-003,323,GIM-REP-PCT-323,GIM-REP-PCT-323-2025,,,GIM-REP-PCT-323-2025,,
318,PCT,24-31502-2-004,324,GIM-REP-PCT-324,GIM-REP-PCT-324-2025,,,GIM-REP-PCT-324-2025,,
319,PCT,24-31502-2-010,325,GIM-REP-PCT-325,GIM-REP-PCT-325-2025,,,GIM-REP-PCT-325-2025,,
320,PCT,24-31502-2-007,326,GIM-REP-PCT-326,GIM-REP-PCT-326-2025,,,GIM-REP-PCT-326-2025,,
321,PCT,24-31502-2-005,327,GIM-REP-PCT-327,GIM-REP-PCT-327-2025,,,GIM-REP-PCT-327-2025,,
322,PCT,24-31502-2-009,328,GIM-REP-PCT-328,GIM-REP-PCT-328-2025,,,GIM-REP-PCT-328-2025,,
323,PCT,23-21502-1-010,329,GIM-REP-PCT-329,GIM-REP-PCT-329-2025,,,GIM-REP-PCT-329-2025,,
324,PCT,23-21502-1-006,330,GIM-REP-PCT-330,GIM-REP-PCT-330-2025,,,GIM-REP-PCT-330-2025,,
325,PCT,23-21502-1-003,331,GIM-REP-PCT-331,GIM-REP-PCT-331-2025,,,GIM-REP-PCT-331-2025,,
326,PCT,23-21502-1-005,332,GIM-REP-PCT-332,GIM-REP-PCT-332-2025,,,GIM-REP-PCT-332-2025,,
327,PCT,23-21502-1-001,333,GIM-REP-PCT-333,GIM-REP-PCT-333-2025,,,GIM-REP-PCT-333-2025,,
328,PCT,23-21502-1-009,334,GIM-REP-PCT-334,GIM-REP-PCT-334-2025,,,GIM-REP-PCT-334-2025,,
329,PCT,24-21502-1-009,335,GIM-REP-PCT-335,GIM-REP-PCT-335-2025,,,GIM-REP-PCT-335-2025,,
330,PCT,24-21502-1-003,336,GIM-REP-PCT-336,GIM-REP-PCT-336-2025,,,GIM-REP-PCT-336-2025,,
331,PCT,24-21502-1-005,337,GIM-REP-PCT-337,GIM-REP-PCT-337-2025,,,GIM-REP-PCT-337-2025,,
332,PCT,24-21502-1-010,338,GIM-REP-PCT-338,GIM-REP-PCT-338-2025,,,GIM-REP-PCT-338-2025,,
333,PCT,24-21502-1-001,339,GIM-REP-PCT-339,GIM-REP-PCT-339-2025,,,GIM-REP-PCT-339-2025,,
334,PCT,24-21502-1-002,340,GIM-REP-PCT-340,GIM-REP-PCT-340-2025,,,GIM-REP-PCT-340-2025,,
335,PCT,24-21502-1-004,341,GIM-REP-PCT-341,GIM-REP-PCT-341-2025,,,GIM-REP-PCT-341-2025,,
336,PCT,24-21502-1-008,342,GIM-REP-PCT-342,GIM-REP-PCT-342-2025,,,GIM-REP-PCT-342-2025,,
337,PCT,24-21502-1-006,343,GIM-REP-PCT-343,GIM-REP-PCT-343-2025,,,GIM-REP-PCT-343-2025,,
338,PCT,24-21502-1-007,344,GIM-REP-PCT-344,GIM-REP-PCT-344-2025,,,GIM-REP-PCT-344-2025,,
339,PCT,24-21502-45-008,345,GIM-REP-PCT-345,GIM-REP-PCT-345-2025,,,GIM-REP-PCT-345-2025,,
340,PCT,24-21502-45-006,346,GIM-REP-PCT-346,GIM-REP-PCT-346-2025,,,GIM-REP-PCT-346-2025,,
341,PCT,24-21502-45-007,347,GIM-REP-PCT-347,GIM-REP-PCT-347-2025,,,GIM-REP-PCT-347-2025,,
342,PCT,24-21502-45-009,348,GIM-REP-PCT-348,GIM-REP-PCT-348-2025,,,GIM-REP-PCT-348-2025,,
343,PCT,24-21502-45-010,349,GIM-REP-PCT-349,GIM-REP-PCT-349-2025,,,GIM-REP-PCT-349-2025,,
344,PCT,24-21502-45-005,350,GIM-REP-PCT-350,GIM-REP-PCT-350-2025,,,GIM-REP-PCT-350-2025,,
345,PCT,24-21502-45-004,351,GIM-REP-PCT-351,GIM-REP-PCT-351-2025,,,GIM-REP-PCT-351-2025,,
346,PCT,24-21502-45-003,352,GIM-REP-PCT-352,GIM-REP-PCT-352-2025,,,GIM-REP-PCT-352-2025,,
347,PCT,24-21502-45-002,353,GIM-REP-PCT-353,GIM-REP-PCT-353-2025,,,GIM-REP-PCT-353-2025,,
348,PCT,24-21502-45-001,354,GIM-REP-PCT-354,GIM-REP-PCT-354-2025,,,GIM-REP-PCT-354-2025,,
349,PCT,23-21502-90-017,355,GIM-REP-PCT-355,GIM-REP-PCT-355-2025,,,GIM-REP-PCT-355-2025,,
350,PCT,23-21502-90-015,356,GIM-REP-PCT-356,GIM-REP-PCT-356-2025,,,GIM-REP-PCT-356-2025,,
351,PCT,23-21502-90-014,357,GIM-REP-PCT-357,GIM-REP-PCT-357-2025,,,GIM-REP-PCT-357-2025,,
352,PCT,23-21502-90-016,358,GIM-REP-PCT-358,GIM-REP-PCT-358-2025,,,GIM-REP-PCT-358-2025,,
353,PCT,23-21502-90-020,359,GIM-REP-PCT-359,GIM-REP-PCT-359-2025,,,GIM-REP-PCT-359-2025,,
354,PCT,23-21502-90-011,360,GIM-REP-PCT-360,GIM-REP-PCT-360-2025,,,GIM-REP-PCT-360-2025,,
355,PCT,23-21502-90-010,361,GIM-REP-PCT-361,GIM-REP-PCT-361-2025,,,GIM-REP-PCT-361-2025,,
356,PCT,23-21502-90-018,362,GIM-REP-PCT-362,GIM-REP-PCT-362-2025,,,GIM-REP-PCT-362-2025,,
357,PCT,23-21502-90-013,363,GIM-REP-PCT-363,GIM-REP-PCT-363-2025,,,GIM-REP-PCT-363-2025,,
358,PCT,23-6206-90-006,364,GIM-REP-PCT-364,GIM-REP-PCT-364-2025,,,GIM-REP-PCT-364-2025,,
359,PCT,23-6206-90-010,365,GIM-REP-PCT-365,GIM-REP-PCT-365-2025,,,GIM-REP-PCT-365-2025,,
360,PCT,23-6206-90-009,366,GIM-REP-PCT-366,GIM-REP-PCT-366-2025,,,GIM-REP-PCT-366-2025,,
361,PCT,23-6206-90-011,367,GIM-REP-PCT-367,GIM-REP-PCT-367-2025,,,GIM-REP-PCT-367-2025,,
362,PCT,23-6206-45-008,368,GIM-REP-PCT-368,GIM-REP-PCT-368-2025,,,GIM-REP-PCT-368-2025,,
363,PCT,23-6206-45-002,369,GIM-REP-PCT-369,GIM-REP-PCT-369-2025,,,GIM-REP-PCT-369-2025,,
364,PCT,23-6206-45-007,370,GIM-REP-PCT-370,GIM-REP-PCT-370-2025,,,GIM-REP-PCT-370-2025,,
365,PCT,23-6206-45-004,371,GIM-REP-PCT-371,GIM-REP-PCT-371-2025,,,GIM-REP-PCT-371-2025,,
366,PCT,23-4206-90-004,372,GIM-REP-PCT-372,GIM-REP-PCT-372-2025,,,GIM-REP-PCT-372-2025,,
367,PCT,23-6206-45-011,373,GIM-REP-PCT-373,GIM-REP-PCT-373-2025,,,GIM-REP-PCT-373-2025,,
368,PCT,23-6206-45-010,374,GIM-REP-PCT-374,GIM-REP-PCT-374-2025,,,GIM-REP-PCT-374-2025,,
369,PCT,23-6206-90-002,375,GIM-REP-PCT-375,GIM-REP-PCT-375-2025,,,GIM-REP-PCT-375-2025,,
370,PCT,23-6206-90-003,376,GIM-REP-PCT-376,GIM-REP-PCT-376-2025,,,GIM-REP-PCT-376-2025,,
371,PCT,23-6206-90-001,377,GIM-REP-PCT-377,GIM-REP-PCT-377-2025,,,GIM-REP-PCT-377-2025,,
372,PCT,90-132,378,GIM-REP-PCT-378,GIM-REP-PCT-378-2025,,,GIM-REP-PCT-378-2025,,
373,PCT,24-31502-45-007,379,GIM-REP-PCT-379,GIM-REP-PCT-379-2025,,,GIM-REP-PCT-379-2025,,
374,PCT,24-31502-45-001,380,GIM-REP-PCT-380,GIM-REP-PCT-380-2025,,,GIM-REP-PCT-380-2025,,
375,PCT,24-31502-45-004,381,GIM-REP-PCT-381,GIM-REP-PCT-381-2025,,,GIM-REP-PCT-381-2025,,
376,PCT,24-31502-45-005,382,GIM-REP-PCT-382,GIM-REP-PCT-382-2025,,,GIM-REP-PCT-382-2025,,
377,PCT,24-31502-45-002,383,GIM-REP-PCT-383,GIM-REP-PCT-383-2025,,,GIM-REP-PCT-383-2025,,
378,PCT,24-31502-45-010,384,GIM-REP-PCT-384,GIM-REP-PCT-384-2025,,,GIM-REP-PCT-384-2025,,
379,PCT,24-31502-45-003,385,GIM-REP-PCT-385,GIM-REP-PCT-385-2025,,,GIM-REP-PCT-385-2025,,
380,PCT,24-31502-90-006,386,GIM-REP-PCT-386,GIM-REP-PCT-386-2025,,,GIM-REP-PCT-386-2025,,
381,PCT,24-31502-90-005,387,GIM-REP-PCT-387,GIM-REP-PCT-387-2025,,,GIM-REP-PCT-387-2025,,
382,PCT,24-31502-90-010,388,GIM-REP-PCT-388,GIM-REP-PCT-388-2025,,,GIM-REP-PCT-388-2025,,
383,PCT,24-31502-90-003,389,GIM-REP-PCT-389,GIM-REP-PCT-389-2025,,,GIM-REP-PCT-389-2025,,
384,PCT,23-4206-90-006,390,GIM-REP-PCT-390,GIM-REP-PCT-390-2025,,,GIM-REP-PCT-390-2025,,
385,PCT,23-4206-90-011,391,GIM-REP-PCT-391,GIM-REP-PCT-391-2025,,,GIM-REP-PCT-391-2025,,
386,PCT,45-075,392,GIM-REP-PCT-392,GIM-REP-PCT-392-2025,,,GIM-REP-PCT-392-2025,,
387,PCT,90-115,393,GIM-REP-PCT-393,GIM-REP-PCT-393-2025,,,GIM-REP-PCT-393-2025,,
388,PCT,CE-012,394,GIM-REP-PCT-394,GIM-REP-PCT-394-2025,,,GIM-REP-PCT-394-2025,,
389,PCT,23-4206-10-012,395,GIM-REP-PCT-395,GIM-REP-PCT-395-2025,,,GIM-REP-PCT-395-2025,,
390,EBS,4-206DJ-SS-2-2,396,GIM-REP-PCT-396,GIM-REP-PCT-396-2025,,,GIM-REP-PCT-396-2025,,
391,PCT,CE-07,397,GIM-REP-PCT-397,GIM-REP-PCT-397-2025,,,GIM-REP-PCT-397-2025,,
392,PCT,24-31502-90-017,398,GIM-REP-PCT-398,GIM-REP-PCT-398-2025,,,GIM-REP-PCT-398-2025,,
393,PCT,24-31502-90-008,399,GIM-REP-PCT-399,GIM-REP-PCT-399-2025,,,GIM-REP-PCT-399-2025,,
394,PCT,24-31502-90-002,400,GIM-REP-PCT-400,GIM-REP-PCT-400-2025,,,GIM-REP-PCT-400-2025,,
395,PCT,24-31502-90-019,401,GIM-REP-PCT-401,GIM-REP-PCT-401-2025,,,GIM-REP-PCT-401-2025,,
396,PCT,24-31502-90-012,402,GIM-REP-PCT-402,GIM-REP-PCT-402-2025,,,GIM-REP-PCT-402-2025,,
397,PCT,24-31502-90-004,403,GIM-REP-PCT-403,GIM-REP-PCT-403-2025,,,GIM-REP-PCT-403-2025,,
398,PCT,24-31502-90-011,404,GIM-REP-PCT-404,GIM-REP-PCT-404-2025,,,GIM-REP-PCT-404-2025,,
399,PCT,24-31502-90-013,405,GIM-REP-PCT-405,GIM-REP-PCT-405-2025,,,GIM-REP-PCT-405-2025,,
400,PCT,24-31502-45-009,406,GIM-REP-PCT-406,GIM-REP-PCT-406-2025,,,GIM-REP-PCT-406-2025,,
401,PCT,24-31502-45-006,407,GIM-REP-PCT-407,GIM-REP-PCT-407-2025,,,GIM-REP-PCT-407-2025,,
402,PCT,24-31502-45-008,408,GIM-REP-PCT-408,GIM-REP-PCT-408-2025,,,GIM-REP-PCT-408-2025,,
403,PCT,23-4206-90-010,409,GIM-REP-PCT-409,GIM-REP-PCT-409-2025,,,GIM-REP-PCT-409-2025,,
404,PCT,23-4206-90-007,410,GIM-REP-PCT-410,GIM-REP-PCT-410-2025,,,GIM-REP-PCT-410-2025,,
405,EBS,4-206LRE-SS-90-34,411,GIM-REP-PCT-411,GIM-REP-PCT-411-2025,,,GIM-REP-PCT-411-2025,,
406,PCT,4-206LRE-SS-90-17,412,GIM-REP-PCT-412,GIM-REP-PCT-412-2025,,,GIM-REP-PCT-412-2025,,
407,PCT,90-108,413,GIM-REP-PCT-413,GIM-REP-PCT-413-2025,,,GIM-REP-PCT-413-2025,,
408,PCT,90-113,414,GIM-REP-PCT-414,GIM-REP-PCT-414-2025,,,GIM-REP-PCT-414-2025,,
409,PCT,23-4206-90-002,415,GIM-REP-PCT-415,GIM-REP-PCT-415-2025,,,GIM-REP-PCT-415-2025,,
410,PCT,45-082,416,GIM-REP-PCT-416,GIM-REP-PCT-416-2025,,,GIM-REP-PCT-416-2025,,
411,PCT,90-139,417,GIM-REP-PCT-417,GIM-REP-PCT-417-2025,,,GIM-REP-PCT-417-2025,,
412,EBS,4-206LRE-SS-90-26,418,GIM-REP-PCT-418,GIM-REP-PCT-418-2025,,,GIM-REP-PCT-418-2025,,
413,PCT,90-114,419,GIM-REP-PCT-419,GIM-REP-PCT-419-2025,,,GIM-REP-PCT-419-2025,,
414,PCT,90-153,420,GIM-REP-PCT-420,GIM-REP-PCT-420-2025,,,GIM-REP-PCT-420-2025,,
415,EBS,4-206LRE-SS-90-29,421,GIM-REP-PCT-421,GIM-REP-PCT-421-2025,,,GIM-REP-PCT-421-2025,,
416,PCT,90-128,422,GIM-REP-PCT-422,GIM-REP-PCT-422-2025,,,GIM-REP-PCT-422-2025,,
417,PCT,90-123,423,GIM-REP-PCT-423,GIM-REP-PCT-423-2025,,,GIM-REP-PCT-423-2025,,
418,PCT,90-112,424,GIM-REP-PCT-424,GIM-REP-PCT-424-2025,,,GIM-REP-PCT-424-2025,,
419,PCT,90-1256,425,GIM-REP-PCT-425,GIM-REP-PCT-425-2025,,,GIM-REP-PCT-425-2025,,
420,PCT,90-136,426,GIM-REP-PCT-426,GIM-REP-PCT-426-2025,,,GIM-REP-PCT-426-2025,,
421,PCT,90-107,427,GIM-REP-PCT-427,GIM-REP-PCT-427-2025,,,GIM-REP-PCT-427-2025,,
422,PCT,90-162,428,GIM-REP-PCT-428,GIM-REP-PCT-428-2025,,,GIM-REP-PCT-428-2025,,
423,EBS,4-206LRE-SS-90-35,429,GIM-REP-PCT-429,GIM-REP-PCT-429-2025,,,GIM-REP-PCT-429-2025,,
424,PCT,90-152,430,GIM-REP-PCT-430,GIM-REP-PCT-430-2025,,,GIM-REP-PCT-430-2025,,
425,PCT,90-127,431,GIM-REP-PCT-431,GIM-REP-PCT-431-2025,,,GIM-REP-PCT-431-2025,,
426,PCT,4206-T2-005,432,GIM-REP-PCT-432,GIM-REP-PCT-432-2025,,,GIM-REP-PCT-432-2025,,
427,PCT,CE-09,433,GIM-REP-PCT-433,GIM-REP-PCT-433-2025,,,GIM-REP-PCT-433-2025,,
428,PCT,XO-060,434,GIM-REP-PCT-434,GIM-REP-PCT-434-2025,,,GIM-REP-PCT-434-2025,,
429,PCT,CE-18,435,GIM-REP-PCT-435,GIM-REP-PCT-435-2025,,,GIM-REP-PCT-435-2025,,
430,PCT,CE-08,436,GIM-REP-PCT-436,GIM-REP-PCT-436-2025,,,GIM-REP-PCT-436-2025,,
431,PCT,CE-01,437,GIM-REP-PCT-437,GIM-REP-PCT-437-2025,,,GIM-REP-PCT-437-2025,,
432,PCT,CE-19,438,GIM-REP-PCT-438,GIM-REP-PCT-438-2025,,,GIM-REP-PCT-438-2025,,
433,PCT,CE-15,439,GIM-REP-PCT-439,GIM-REP-PCT-439-2025,,,GIM-REP-PCT-439-2025,,
434,PCT,CA-06,440,GIM-REP-PCT-440,GIM-REP-PCT-440-2025,,,GIM-REP-PCT-440-2025,,
435,EBS,4-206LRE-SS-09-28,441,GIM-REP-PCT-441,GIM-REP-PCT-441-2025,,,GIM-REP-PCT-441-2025,,
436,PCT,90-104,442,GIM-REP-PCT-442,GIM-REP-PCT-442-2025,,,GIM-REP-PCT-442-2025,,
437,PCT,23-4206-90-017,443,GIM-REP-PCT-443,GIM-REP-PCT-443-2025,,,GIM-REP-PCT-443-2025,,
438,PCT,23-4206-90-008,444,GIM-REP-PCT-444,GIM-REP-PCT-444-2025,,,GIM-REP-PCT-444-2025,,
439,EBS,4-206LRE-SS-90-12,445,GIM-REP-PCT-445,GIM-REP-PCT-445-2025,,,GIM-REP-PCT-445-2025,,
440,PCT,4-206LRE-SS-90-13,446,GIM-REP-PCT-446,GIM-REP-PCT-446-2025,,,GIM-REP-PCT-446-2025,,
441,PCT,4-206LRE-SS-90-25,447,GIM-REP-PCT-447,GIM-REP-PCT-447-2025,,,GIM-REP-PCT-447-2025,,
442,PCT,90-110,448,GIM-REP-PCT-448,GIM-REP-PCT-448-2025,,,GIM-REP-PCT-448-2025,,
443,PCT,90-151,449,GIM-REP-PCT-449,GIM-REP-PCT-449-2025,,,GIM-REP-PCT-449-2025,,
444,PCT,90-148,450,GIM-REP-PCT-450,GIM-REP-PCT-450-2025,,,GIM-REP-PCT-450-2025,,
445,PCT,23-4206-90-019,451,GIM-REP-PCT-451,GIM-REP-PCT-451-2025,,,GIM-REP-PCT-451-2025,,
446,EBS,4-206DJ-SS-1-4,452,GIM-REP-PCT-452,GIM-REP-PCT-452-2025,,,GIM-REP-PCT-452-2025,,
447,PCT,23-4206-90-003,453,GIM-REP-PCT-453,GIM-REP-PCT-453-2025,,,GIM-REP-PCT-453-2025,,
448,PCT,XO-059,454,GIM-REP-PCT-454,GIM-REP-PCT-454-2025,,,GIM-REP-PCT-454-2025,,
449,PCT,90-146,455,GIM-REP-PCT-455,GIM-REP-PCT-455-2025,,,GIM-REP-PCT-455-2025,,
450,PCT,45-067,456,GIM-REP-PCT-456,GIM-REP-PCT-456-2025,,,GIM-REP-PCT-456-2025,,
451,EBS,4-206DJ-SS-1-2,457,GIM-REP-PCT-457,GIM-REP-PCT-457-2025,,,GIM-REP-PCT-457-2025,,
452,PCT,45-093,458,GIM-REP-PCT-458,GIM-REP-PCT-458-2025,,,GIM-REP-PCT-458-2025,,
453,PCT,45-076,459,GIM-REP-PCT-459,GIM-REP-PCT-459-2025,,,GIM-REP-PCT-459-2025,,
454,EBS,4-206-DJ-SS-1-6,460,GIM-REP-PCT-460,GIM-REP-PCT-460-2025,,,GIM-REP-PCT-460-2025,,
455,PCT,23-4206-90-016,461,GIM-REP-PCT-461,GIM-REP-PCT-461-2025,,,GIM-REP-PCT-461-2025,,
456,EBS,4-206LRE-SS-90-16,462,GIM-REP-PCT-462,GIM-REP-PCT-462-2025,,,GIM-REP-PCT-462-2025,,
457,PCT,90-119,463,GIM-REP-PCT-463,GIM-REP-PCT-463-2025,,,GIM-REP-PCT-463-2025,,
458,PCT,90-140,464,GIM-REP-PCT-464,GIM-REP-PCT-464-2025,,,GIM-REP-PCT-464-2025,,
459,EBS,4-206LRE-SS-90-30,465,GIM-REP-PCT-465,GIM-REP-PCT-465-2025,,,GIM-REP-PCT-465-2025,,
460,PCT,90-125,466,GIM-REP-PCT-466,GIM-REP-PCT-466-2025,,,GIM-REP-PCT-466-2025,,
461,PCT,90-103,467,GIM-REP-PCT-467,GIM-REP-PCT-467-2025,,,GIM-REP-PCT-467-2025,,
462,PCT,XO-010,468,GIM-REP-PCT-468,GIM-REP-PCT-468-2025,,,GIM-REP-PCT-468-2025,,
463,EBS,4-206LRE-SS-90-38,469,GIM-REP-PCT-469,GIM-REP-PCT-469-2025,,,GIM-REP-PCT-469-2025,,
464,PCT,23-4206-90-018,470,GIM-REP-PCT-470,GIM-REP-PCT-470-2025,,,GIM-REP-PCT-470-2025,,
465,PCT,24-4206-T2-006,471,GIM-REP-PCT-471,GIM-REP-PCT-471-2025,,,GIM-REP-PCT-471-2025,,
466,PCT,90-154,472,GIM-REP-PCT-472,GIM-REP-PCT-472-2025,,,GIM-REP-PCT-472-2025,,
467,PCT,45-073,473,GIM-REP-PCT-473,GIM-REP-PCT-473-2025,,,GIM-REP-PCT-473-2025,,
468,PCT,23-4206-45-005,474,GIM-REP-PCT-474,GIM-REP-PCT-474-2025,,,GIM-REP-PCT-474-2025,,
469,PCT,90-157,475,GIM-REP-PCT-475,GIM-REP-PCT-475-2025,,,GIM-REP-PCT-475-2025,,
470,PCT,45-080,476,GIM-REP-PCT-476,GIM-REP-PCT-476-2025,,,GIM-REP-PCT-476-2025,,
471,PCT,90-147,477,GIM-REP-PCT-477,GIM-REP-PCT-477-2025,,,GIM-REP-PCT-477-2025,,
472,PCT,90-126,478,GIM-REP-PCT-478,GIM-REP-PCT-478-2025,,,GIM-REP-PCT-478-2025,,
473,PCT,90-138,479,GIM-REP-PCT-479,GIM-REP-PCT-479-2025,,,GIM-REP-PCT-479-2025,,
474,EBS,4-206LRE-SS-90-01,480,GIM-REP-PCT-480,GIM-REP-PCT-480-2025,,,GIM-REP-PCT-480-2025,,
475,PCT,24-4206-T2-004,481,GIM-REP-PCT-481,GIM-REP-PCT-481-2025,,,GIM-REP-PCT-481-2025,,
476,PCT,XO-070,482,GIM-REP-PCT-482,GIM-REP-PCT-482-2025,,,GIM-REP-PCT-482-2025,,
477,PCT,XO-044,483,GIM-REP-PCT-483,GIM-REP-PCT-483-2025,,,GIM-REP-PCT-483-2025,,
478,PCT,90-116,484,GIM-REP-PCT-484,GIM-REP-PCT-484-2025,,,GIM-REP-PCT-484-2025,,
479,PCT,XO-063,485,GIM-REP-PCT-485,GIM-REP-PCT-485-2025,,,GIM-REP-PCT-485-2025,,
480,PCT,45-095,486,GIM-REP-PCT-486,GIM-REP-PCT-486-2025,,,GIM-REP-PCT-486-2025,,
481,PCT,24-XO-024,487,GIM-REP-PCT-487,GIM-REP-PCT-487-2025,,,GIM-REP-PCT-487-2025,,
482,PCT,90-129,488,GIM-REP-PCT-488,GIM-REP-PCT-488-2025,,,GIM-REP-PCT-488-2025,,
483,PCT,23-4206-90-015,489,GIM-REP-PCT-489,GIM-REP-PCT-489-2025,,,GIM-REP-PCT-489-2025,,
484,PCT,24-XO-013,490,GIM-REP-PCT-490,GIM-REP-PCT-490-2025,,,GIM-REP-PCT-490-2025,,
485,PCT,90-143,491,GIM-REP-PCT-491,GIM-REP-PCT-491-2025,,,GIM-REP-PCT-491-2025,,
486,PCT,90-130,492,GIM-REP-PCT-492,GIM-REP-PCT-492-2025,,,GIM-REP-PCT-492-2025,,
487,EBS,4-206LRE-SS-90-4,493,GIM-REP-PCT-493,GIM-REP-PCT-493-2025,,,GIM-REP-PCT-493-2025,,
488,PCT,90-120,494,GIM-REP-PCT-494,GIM-REP-PCT-494-2025,,,GIM-REP-PCT-494-2025,,
489,PCT,XO-043,495,GIM-REP-PCT-495,GIM-REP-PCT-495-2025,,,GIM-REP-PCT-495-2025,,
490,PCT,XO-047,496,GIM-REP-PCT-496,GIM-REP-PCT-496-2025,,,GIM-REP-PCT-496-2025,,
491,PCT,90-131,497,GIM-REP-PCT-497,GIM-REP-PCT-497-2025,,,GIM-REP-PCT-497-2025,,
492,EBS,4-206LRE-SS-90-15,498,GIM-REP-PCT-498,GIM-REP-PCT-498-2025,,,GIM-REP-PCT-498-2025,,
493,PCT,90-144,499,GIM-REP-PCT-499,GIM-REP-PCT-499-2025,,,GIM-REP-PCT-499-2025,,
494,EBS,4-206LRE-SS-90-32,500,GIM-REP-PCT-500,GIM-REP-PCT-500-2025,,,GIM-REP-PCT-500-2025,,
495,PCT,90-133,501,GIM-REP-PCT-501,GIM-REP-PCT-501-2025,,,GIM-REP-PCT-501-2025,,
496,PCT,CA-12,502,GIM-REP-PCT-502,GIM-REP-PCT-502-2025,,,GIM-REP-PCT-502-2025,,
497,PCT,CA-03,503,GIM-REP-PCT-503,GIM-REP-PCT-503-2025,,,GIM-REP-PCT-503-2025,,
498,PCT,CA-10,504,GIM-REP-PCT-504,GIM-REP-PCT-504-2025,,,GIM-REP-PCT-504-2025,,
499,PCT,CA-11,505,GIM-REP-PCT-505,GIM-REP-PCT-505-2025,,,GIM-REP-PCT-505-2025,,
500,PCT,CE-06,506,GIM-REP-PCT-506,GIM-REP-PCT-506-2025,,,GIM-REP-PCT-506-2025,,
501,PCT,CA-16,507,GIM-REP-PCT-507,GIM-REP-PCT-507-2025,,,GIM-REP-PCT-507-2025,,
502,PCT,CE-04,508,GIM-REP-PCT-508,GIM-REP-PCT-508-2025,,,GIM-REP-PCT-508-2025,,
503,PCT,CE-016,509,GIM-REP-PCT-509,GIM-REP-PCT-509-2025,,,GIM-REP-PCT-509-2025,,
504,PCT,CA-09,510,GIM-REP-PCT-510,GIM-REP-PCT-510-2025,,,GIM-REP-PCT-510-2025,,
505,PCT,CA-05,511,GIM-REP-PCT-511,GIM-REP-PCT-511-2025,,,GIM-REP-PCT-511-2025,,
506,PCT,CA-07,512,GIM-REP-PCT-512,GIM-REP-PCT-512-2025,,,GIM-REP-PCT-512-2025,,
507,PCT,CA-01,513,GIM-REP-PCT-513,GIM-REP-PCT-513-2025,,,GIM-REP-PCT-513-2025,,
508,PCT,CA-02,514,GIM-REP-PCT-514,GIM-REP-PCT-514-2025,,,GIM-REP-PCT-514-2025,,
509,PCT,CA-14,515,GIM-REP-PCT-515,GIM-REP-PCT-515-2025,,,GIM-REP-PCT-515-2025,,
510,PCT,23-6206-C-002,516,GIM-REP-PCT-516,GIM-REP-PCT-516-2025,,,GIM-REP-PCT-516-2025,,
511,PCT,XO-055,517,GIM-REP-PCT-517,GIM-REP-PCT-517-2025,,,GIM-REP-PCT-517-2025,,
512,PCT,23-21502-T1-002,518,GIM-REP-PCT-518,GIM-REP-PCT-518-2025,,,GIM-REP-PCT-518-2025,,
513,PCT,23-21502-T1-004,519,GIM-REP-PCT-519,GIM-REP-PCT-519-2025,,,GIM-REP-PCT-519-2025,,
514,PCT,23-21502-T1-003,520,GIM-REP-PCT-520,GIM-REP-PCT-520-2025,,,GIM-REP-PCT-520-2025,,
515,PCT,24-21502-T2-002,521,GIM-REP-PCT-521,GIM-REP-PCT-521-2025,,,GIM-REP-PCT-521-2025,,
516,PCT,23-21502-T2-005,522,GIM-REP-PCT-522,GIM-REP-PCT-522-2025,,,GIM-REP-PCT-522-2025,,
517,PCT,24-21502-T1-001,523,GIM-REP-PCT-523,GIM-REP-PCT-523-2025,,,GIM-REP-PCT-523-2025,,
518,PCT,23-21502-T2-002,524,GIM-REP-PCT-524,GIM-REP-PCT-524-2025,,,GIM-REP-PCT-524-2025,,
519,PCT,23-21502-T1-005,525,GIM-REP-PCT-525,GIM-REP-PCT-525-2025,,,GIM-REP-PCT-525-2025,,
520,PCT,23-21502-T1-001,526,GIM-REP-PCT-526,GIM-REP-PCT-526-2025,,,GIM-REP-PCT-526-2025,,
521,PCT,XO-024,527,GIM-REP-PCT-527,GIM-REP-PCT-527-2025,,,GIM-REP-PCT-527-2025,,
522,PCT,24-XO027,528,GIM-REP-PCT-528,GIM-REP-PCT-528-2025,,,GIM-REP-PCT-528-2025,,
523,PCT,XO-068,529,GIM-REP-PCT-529,GIM-REP-PCT-529-2025,,,GIM-REP-PCT-529-2025,,
524,PCT,XO-032,530,GIM-REP-PCT-530,GIM-REP-PCT-530-2025,,,GIM-REP-PCT-530-2025,,
525,PCT,23-21502-T2-003,531,GIM-REP-PCT-531,GIM-REP-PCT-531-2025,,,GIM-REP-PCT-531-2025,,
526,PCT,CA-18,532,GIM-REP-PCT-532,GIM-REP-PCT-532-2025,,,GIM-REP-PCT-532-2025,,
527,PCT,XO-001,533,GIM-REP-PCT-533,GIM-REP-PCT-533-2025,,,GIM-REP-PCT-533-2025,,
528,PCT,24-4206-45-005,534,GIM-REP-PCT-534,GIM-REP-PCT-534-2025,,,GIM-REP-PCT-534-2025,,
529,PCT,24-XO-019,535,GIM-REP-PCT-535,GIM-REP-PCT-535-2025,,,GIM-REP-PCT-535-2025,,
530,PCT,XO-053,536,GIM-REP-PCT-536,GIM-REP-PCT-536-2025,,,GIM-REP-PCT-536-2025,,
531,PCT,21502-T2-004,537,GIM-REP-PCT-537,GIM-REP-PCT-537-2025,,,GIM-REP-PCT-537-2025,,
532,PCT,90-121,538,GIM-REP-PCT-538,GIM-REP-PCT-538-2025,,,GIM-REP-PCT-538-2025,,
533,PCT,90-161,539,GIM-REP-PCT-539,GIM-REP-PCT-539-2025,,,GIM-REP-PCT-539-2025,,
534,PCT,23-XO-003,540,GIM-REP-PCT-540,GIM-REP-PCT-540-2025,,,GIM-REP-PCT-540-2025,,
535,PCT,XO-021,541,GIM-REP-PCT-541,GIM-REP-PCT-541-2025,,,GIM-REP-PCT-541-2025,,
536,PCT,XO-002 BRIDAdo,542,GIM-REP-PCT-542,GIM-REP-PCT-542-2025,,,GIM-REP-PCT-542-2025,,
537,PCT,23-XO-001,543,GIM-REP-PCT-543,GIM-REP-PCT-543-2025,,,GIM-REP-PCT-543-2025,,
538,PCT,XO-037,544,GIM-REP-PCT-544,GIM-REP-PCT-544-2025,,,GIM-REP-PCT-544-2025,,
539,PCT,CE-20,545,GIM-REP-PCT-545,GIM-REP-PCT-545-2025,,,GIM-REP-PCT-545-2025,,
540,PCT,XO-072,546,GIM-REP-PCT-546,GIM-REP-PCT-546-2025,,,GIM-REP-PCT-546-2025,,
541,EBS,4-206LRE-SS-90-27,547,GIM-REP-PCT-547,GIM-REP-PCT-547-2025,,,GIM-REP-PCT-547-2025,,
542,PCT,90-142,548,GIM-REP-PCT-548,GIM-REP-PCT-548-2025,,,GIM-REP-PCT-548-2025,,
543,EBS,4-206LRE-SS-90-08,549,GIM-REP-PCT-549,GIM-REP-PCT-549-2025,,,GIM-REP-PCT-549-2025,,
544,PCT,23-4206-90-005,550,GIM-REP-PCT-550,GIM-REP-PCT-550-2025,,,GIM-REP-PCT-550-2025,,
545,PCT,90-158,551,GIM-REP-PCT-551,GIM-REP-PCT-551-2025,,,GIM-REP-PCT-551-2025,,
546,EBS,4-206LRE-SS-90-03,552,GIM-REP-PCT-552,GIM-REP-PCT-552-2025,,,GIM-REP-PCT-552-2025,,
547,PCT,90-117,553,GIM-REP-PCT-553,GIM-REP-PCT-553-2025,,,GIM-REP-PCT-553-2025,,
548,EBS,4-206LRE-SS-90-18,554,GIM-REP-PCT-554,GIM-REP-PCT-554-2025,,,GIM-REP-PCT-554-2025,,
549,EBS,4-206LRE-SS-90-11,555,GIM-REP-PCT-555,GIM-REP-PCT-555-2025,,,GIM-REP-PCT-555-2025,,
550,PCT,90-124,556,GIM-REP-PCT-556,GIM-REP-PCT-556-2025,,,GIM-REP-PCT-556-2025,,
551,PCT,24-6206-90-012,557,GIM-REP-PCT-557,GIM-REP-PCT-557-2025,,,GIM-REP-PCT-557-2025,,
552,PCT,24-6206-90-007,558,GIM-REP-PCT-558,GIM-REP-PCT-558-2025,,,GIM-REP-PCT-558-2025,,
553,PCT,23-6206-45-012,559,GIM-REP-PCT-559,GIM-REP-PCT-559-2025,,,GIM-REP-PCT-559-2025,,
554,PCT,24-21502-2-003,560,GIM-REP-PCT-560,GIM-REP-PCT-560-2025,,,GIM-REP-PCT-560-2025,,
555,PCT,23-21502-2-004,561,GIM-REP-PCT-561,GIM-REP-PCT-561-2025,,,GIM-REP-PCT-561-2025,,
556,PCT,24-21502-T2-001,562,GIM-REP-PCT-562,GIM-REP-PCT-562-2025,,,GIM-REP-PCT-562-2025,,
557,PCT,24-21502-3-003,563,GIM-REP-PCT-563,GIM-REP-PCT-563-2025,,,GIM-REP-PCT-563-2025,,
558,PCT,23-21502-3-007,564,GIM-REP-PCT-564,GIM-REP-PCT-564-2025,,,GIM-REP-PCT-564-2025,,
559,PCT,23-21502-3-010,565,GIM-REP-PCT-565,GIM-REP-PCT-565-2025,,,GIM-REP-PCT-565-2025,,
560,PCT,23-21502-5-001,566,GIM-REP-PCT-566,GIM-REP-PCT-566-2025,,,GIM-REP-PCT-566-2025,,
561,PCT,24-21502-5-002,567,GIM-REP-PCT-567,GIM-REP-PCT-567-2025,,,GIM-REP-PCT-567-2025,,
562,PCT,23-21502-1-007,568,GIM-REP-PCT-568,GIM-REP-PCT-568-2025,,,GIM-REP-PCT-568-2025,,
563,PCT,23-21502-1-002,569,GIM-REP-PCT-569,GIM-REP-PCT-569-2025,,,GIM-REP-PCT-569-2025,,
564,PCT,23-4206-10-013,570,GIM-REP-PCT-570,GIM-REP-PCT-570-2025,,,GIM-REP-PCT-570-2025,,
565,PCT,23-4206-10-009,571,GIM-REP-PCT-571,GIM-REP-PCT-571-2025,,,GIM-REP-PCT-571-2025,,
566,EBS,4-206DJ-SS-10-07,572,GIM-REP-PCT-572,GIM-REP-PCT-572-2025,,,GIM-REP-PCT-572-2025,,
567,EBS,2-1502DJ-SS-10-08,573,GIM-REP-PCT-573,GIM-REP-PCT-573-2025,,,GIM-REP-PCT-573-2025,,
568,PCT,23-4206-10-025,574,GIM-REP-PCT-574,GIM-REP-PCT-574-2025,,,GIM-REP-PCT-574-2025,,
569,EBS,2-1502DJ-SS-10-4,575,GIM-REP-PCT-575,GIM-REP-PCT-575-2025,,,GIM-REP-PCT-575-2025,,
570,PCT,23-4206-10-016,576,GIM-REP-PCT-576,GIM-REP-PCT-576-2025,,,GIM-REP-PCT-576-2025,,
571,EBS,2-1502DJ-SS-10-09,577,GIM-REP-PCT-577,GIM-REP-PCT-577-2025,,,GIM-REP-PCT-577-2025,,
572,PCT,23-4206-18-002,578,GIM-REP-PCT-578,GIM-REP-PCT-578-2025,,,GIM-REP-PCT-578-2025,,
573,PCT,23-4206-18-003,579,GIM-REP-PCT-579,GIM-REP-PCT-579-2025,,,GIM-REP-PCT-579-2025,,
574,PCT,24-4206-18-005,580,GIM-REP-PCT-580,GIM-REP-PCT-580-2025,,,GIM-REP-PCT-580-2025,,
575,PCT,23-4206-18-008,581,GIM-REP-PCT-581,GIM-REP-PCT-581-2025,,,GIM-REP-PCT-581-2025,,
576,PCT,24-4206-10-007,582,GIM-REP-PCT-582,GIM-REP-PCT-582-2025,,,GIM-REP-PCT-582-2025,,
577,PCT,90-111,583,GIM-REP-PCT-583,GIM-REP-PCT-583-2025,,,GIM-REP-PCT-583-2025,,
578,PCT,90-105,584,GIM-REP-PCT-584,GIM-REP-PCT-584-2025,,,GIM-REP-PCT-584-2025,,
579,PCT,90-109,585,GIM-REP-PCT-585,GIM-REP-PCT-585-2025,,,GIM-REP-PCT-585-2025,,
580,EBS,4-206LRE-SS-90-06,586,GIM-REP-PCT-586,GIM-REP-PCT-586-2025,,,GIM-REP-PCT-586-2025,,
581,PCT,90-137,587,GIM-REP-PCT-587,GIM-REP-PCT-587-2025,,,GIM-REP-PCT-587-2025,,
582,PCT,90-159,588,GIM-REP-PCT-588,GIM-REP-PCT-588-2025,,,GIM-REP-PCT-588-2025,,
583,EBS,4-206LRE-SS-90-14,589,GIM-REP-PCT-589,GIM-REP-PCT-589-2025,,,GIM-REP-PCT-589-2025,,
584,EBS,4-206LRE-SS-90-36,590,GIM-REP-PCT-590,GIM-REP-PCT-590-2025,,,GIM-REP-PCT-590-2025,,
585,PCT,24-6206-18-006,591,GIM-REP-PCT-591,GIM-REP-PCT-591-2025,,,GIM-REP-PCT-591-2025,,
586,PCT,24-6206-18-010,592,GIM-REP-PCT-592,GIM-REP-PCT-592-2025,,,GIM-REP-PCT-592-2025,,
587,PCT,24-6206-18-016,593,GIM-REP-PCT-593,GIM-REP-PCT-593-2025,,,GIM-REP-PCT-593-2025,,
588,PCT,24-6206-18-017,594,GIM-REP-PCT-594,GIM-REP-PCT-594-2025,,,GIM-REP-PCT-594-2025,,
589,PCT,24-6206-18-008,595,GIM-REP-PCT-595,GIM-REP-PCT-595-2025,,,GIM-REP-PCT-595-2025,,
590,PCT,24-6206-18-001,596,GIM-REP-PCT-596,GIM-REP-PCT-596-2025,,,GIM-REP-PCT-596-2025,,
591,PCT,24-6206-18-005,597,GIM-REP-PCT-597,GIM-REP-PCT-597-2025,,,GIM-REP-PCT-597-2025,,
592,PCT,24-6206-18-013,598,GIM-REP-PCT-598,GIM-REP-PCT-598-2025,,,GIM-REP-PCT-598-2025,,
593,PCT,24-6206-18-014,599,GIM-REP-PCT-599,GIM-REP-PCT-599-2025,,,GIM-REP-PCT-599-2025,,
594,PCT,24-6206-18-012,600,GIM-REP-PCT-600,GIM-REP-PCT-600-2025,,,GIM-REP-PCT-600-2025,,
595,PCT,24-6206-18-009,601,GIM-REP-PCT-601,GIM-REP-PCT-601-2025,,,GIM-REP-PCT-601-2025,,
596,PCT,24-6206-18-020,602,GIM-REP-PCT-602,GIM-REP-PCT-602-2025,,,GIM-REP-PCT-602-2025,,
597,PCT,24-6206-18-003,603,GIM-REP-PCT-603,GIM-REP-PCT-603-2025,,,GIM-REP-PCT-603-2025,,
598,PCT,24-6206-18-011,604,GIM-REP-PCT-604,GIM-REP-PCT-604-2025,,,GIM-REP-PCT-604-2025,,
599,PCT,24-6206-18-019,605,GIM-REP-PCT-605,GIM-REP-PCT-605-2025,,,GIM-REP-PCT-605-2025,,
600,PCT,24-6206-18-004,606,GIM-REP-PCT-606,GIM-REP-PCT-606-2025,,,GIM-REP-PCT-606-2025,,
601,PCT,24-6206-18-007,607,GIM-REP-PCT-607,GIM-REP-PCT-607-2025,,,GIM-REP-PCT-607-2025,,
602,PCT,24-6206-18-018,608,GIM-REP-PCT-608,GIM-REP-PCT-608-2025,,,GIM-REP-PCT-608-2025,,
603,PCT,24-6206-18-015,609,GIM-REP-PCT-609,GIM-REP-PCT-609-2025,,,GIM-REP-PCT-609-2025,,
604,PCT,24-6206-18-002,610,GIM-REP-PCT-610,GIM-REP-PCT-610-2025,,,GIM-REP-PCT-610-2025,,
605,PCT,23-XO-4602/206-001,611,GIM-REP-PCT-611,GIM-REP-PCT-611-2025,,,GIM-REP-PCT-611-2025,,
606,PCT,23-XO-4602/206-004,612,GIM-REP-PCT-612,GIM-REP-PCT-612-2025,,,GIM-REP-PCT-612-2025,,
607,PCT,23-XO-4602/206-003,613,GIM-REP-PCT-613,GIM-REP-PCT-613-2025,,,GIM-REP-PCT-613-2025,,
608,PCT,23-XO-4602/206-005,614,GIM-REP-PCT-614,GIM-REP-PCT-614-2025,,,GIM-REP-PCT-614-2025,,
609,PCT,23-XO-4602/206-006,615,GIM-REP-PCT-615,GIM-REP-PCT-615-2025,,,GIM-REP-PCT-615-2025,,
610,PCT,CA-17,616,GIM-REP-PCT-616,GIM-REP-PCT-616-2025,,,GIM-REP-PCT-616-2025,,
611,PCT,CE-21,617,GIM-REP-PCT-617,GIM-REP-PCT-617-2025,,,GIM-REP-PCT-617-2025,,
612,PCT,CE-23,618,GIM-REP-PCT-618,GIM-REP-PCT-618-2025,,,GIM-REP-PCT-618-2025,,
613,PCT,CE-22,619,GIM-REP-PCT-619,GIM-REP-PCT-619-2025,,,GIM-REP-PCT-619-2025,,
614,PCT,XO-027,620,GIM-REP-PCT-620,GIM-REP-PCT-620-2025,,,GIM-REP-PCT-620-2025,,
615,PCT,XO-074,621,GIM-REP-PCT-621,GIM-REP-PCT-621-2025,,,GIM-REP-PCT-621-2025,,
616,PCT,XO-031,622,GIM-REP-PCT-622,GIM-REP-PCT-622-2025,,,GIM-REP-PCT-622-2025,,
617,PCT,XO-073,623,GIM-REP-PCT-623,GIM-REP-PCT-623-2025,,,GIM-REP-PCT-623-2025,,
618,PCT,XO-034,624,GIM-REP-PCT-624,GIM-REP-PCT-624-2025,,,GIM-REP-PCT-624-2025,,
619,PCT,XO-025,625,GIM-REP-PCT-625,GIM-REP-PCT-625-2025,,,GIM-REP-PCT-625-2025,,
620,PCT,XO-030,626,GIM-REP-PCT-626,GIM-REP-PCT-626-2025,,,GIM-REP-PCT-626-2025,,
621,PCT,XO-006,627,GIM-REP-PCT-627,GIM-REP-PCT-627-2025,,,GIM-REP-PCT-627-2025,,
622,PCT,XO-035,628,GIM-REP-PCT-628,GIM-REP-PCT-628-2025,,,GIM-REP-PCT-628-2025,,
623,PCT,XO-015,629,GIM-REP-PCT-629,GIM-REP-PCT-629-2025,,,GIM-REP-PCT-629-2025,,
624,PCT,XO-075,630,GIM-REP-PCT-630,GIM-REP-PCT-630-2025,,,GIM-REP-PCT-630-2025,,
625,PCT,XO-065,631,GIM-REP-PCT-631,GIM-REP-PCT-631-2025,,,GIM-REP-PCT-631-2025,,
626,PCT,XO-029,632,GIM-REP-PCT-632,GIM-REP-PCT-632-2025,,,GIM-REP-PCT-632-2025,,
627,PCT,XO-058,,GIM-REP-PCT-633,GIM-REP-PCT-633-2025,,,GIM-REP-PCT-633-2025,,
628,PCT,XO-076,633,GIM-REP-PCT-634,GIM-REP-PCT-634-2025,,,GIM-REP-PCT-634-2025,,
629,PCT,XO-067,634,GIM-REP-PCT-635,GIM-REP-PCT-635-2025,,,GIM-REP-PCT-635-2025,,
630,PCT,XO-028,635,GIM-REP-PCT-636,GIM-REP-PCT-636-2025,,,GIM-REP-PCT-636-2025,,
631,PCT,XO-061,636,GIM-REP-PCT-637,GIM-REP-PCT-637-2025,,,GIM-REP-PCT-637-2025,,
632,PCT,XO-026,637,GIM-REP-PCT-638,GIM-REP-PCT-638-2025,,,GIM-REP-PCT-638-2025,,
633,PCT,XO-057,,GIM-REP-PCT-639,GIM-REP-PCT-639-2025,,,GIM-REP-PCT-639-2025,,
